match_id,prob_victoria
LA1_1717834436,0.9775605386430546
LA1_1719911713,0.9765652906361866
LA1_1719768593,0.9737511225454529
LA1_1719195533,0.9659002587644074
LA1_1719943097,0.9650757395418632
LA1_1716743546,0.9622388828200229
LA1_1718559145,0.9614541575669224
LA1_1719470051,0.9593009117829703
LA1_1719937111,0.9589577114744015
LA1_1719584866,0.9573753349719735
LA1_1719769911,0.9559188883334427
LA1_1719583775,0.9538576562831961
LA1_1718997669,0.9524777047779942
LA1_1719500239,0.9515171742815904
LA1_1719568598,0.9514292845351632
LA1_1716672896,0.9484007902057242
LA1_1719317704,0.9481458485376025
LA1_1719602361,0.9473324293593377
LA1_1719941036,0.9456242227065235
LA1_1717714982,0.9454681787052094
LA1_1719732191,0.944426638559251
LA1_1718418710,0.9443876967041023
LA1_1719397209,0.9443543630619207
LA1_1719808428,0.9430200087876396
LA1_1719349235,0.9427859812044184
LA1_1719916121,0.9418696238982662
LA1_1718979677,0.9403636708564254
LA1_1719937253,0.9400822063320368
LA1_1719876705,0.9399325666832774
LA1_1719791831,0.9393534024026619
LA1_1719361714,0.9389108377840804
LA1_1718918475,0.9384387343797164
LA1_1719187753,0.9378015814958017
LA1_1717783189,0.9374530243990832
LA1_1718927860,0.9364614189124063
LA1_1718981010,0.9357317683502012
LA1_1717667640,0.93557124857706
LA1_1719575581,0.935524432479404
LA1_1718500138,0.9354612884825722
LA1_1719190069,0.9351684893468312
LA1_1718264374,0.9344704650263196
LA1_1719812778,0.934324862660111
LA1_1719844605,0.9342780546433254
LA1_1719807420,0.9336627916129177
LA1_1719746719,0.93362641251579
LA1_1719816204,0.9332439225223748
LA1_1719517699,0.9322769796132846
LA1_1719322167,0.9320563121567247
LA1_1719204400,0.9318581306479291
LA1_1719819772,0.931463179064016
LA1_1719593007,0.9311933543761924
LA1_1719899961,0.931047890562345
LA1_1718138778,0.9309021420435188
LA1_1719554293,0.9304107658633323
LA1_1719691342,0.9302225975622695
LA1_1719450880,0.9298303224066772
LA1_1716091759,0.9295098954230417
LA1_1719290181,0.9293566685772374
LA1_1718648537,0.9281575462028416
LA1_1719883761,0.927646793442482
LA1_1719502517,0.9276041946408184
LA1_1719653647,0.9270332428270834
LA1_1719418474,0.9265996614765403
LA1_1719897214,0.926372495382614
LA1_1719342854,0.9258760877760271
LA1_1719575174,0.9249469752452968
LA1_1719801381,0.9238374434882151
LA1_1718641778,0.9238084595188852
LA1_1719152071,0.9236214796079909
LA1_1718664340,0.9233931336567888
LA1_1719757848,0.9224418479811927
LA1_1719922134,0.9223282850494658
LA1_1718662613,0.9216139563113911
LA1_1719570430,0.921604704891019
LA1_1719944550,0.921597869808343
LA1_1719788943,0.9211082507898578
LA1_1719693506,0.9208218197816276
LA1_1717670593,0.9204044639575353
LA1_1719234105,0.920344097902566
LA1_1718989145,0.9199582594139534
LA1_1719771861,0.9198523286717962
LA1_1719808954,0.9197676806566506
LA1_1717060139,0.9190353895842429
LA1_1719654347,0.9186542843895903
LA1_1719729250,0.9176555968124308
LA1_1719919276,0.9175428097663728
LA1_1716702331,0.9173434101196813
LA1_1717607100,0.9168028732017773
LA1_1719787676,0.9162715156802782
LA1_1718357185,0.9154857025524953
LA1_1719609189,0.91543659646297
LA1_1719725008,0.9153493023663888
LA1_1719752673,0.9149094484733465
LA1_1717171759,0.9148884300513945
LA1_1719106814,0.9148078991184212
LA1_1719772775,0.9141978764710623
LA1_1719271930,0.9135421616441861
LA1_1717371706,0.912820245188059
LA1_1719199110,0.9125260203064142
LA1_1719744687,0.9122076117088287
LA1_1717985544,0.9118002423266344
LA1_1719662748,0.911566534484098
LA1_1719597191,0.9114129647545325
LA1_1719548237,0.9108401318450775
LA1_1719562424,0.9106798810806472
LA1_1719736690,0.910642525380572
LA1_1718956500,0.9106288975733015
LA1_1718921117,0.9105678725637634
LA1_1719956319,0.9099840450541596
LA1_1719695909,0.90969334232236
LA1_1719385717,0.9092074928694056
LA1_1719771449,0.9091528873314878
LA1_1717804218,0.9083013030211119
LA1_1719222377,0.907654414289348
LA1_1719483489,0.9073694408430375
LA1_1719061466,0.9071973786063747
LA1_1719813880,0.9071399607987916
LA1_1718816237,0.9071371426055386
LA1_1717319832,0.9071251883341814
LA1_1719889411,0.906642955825824
LA1_1719728804,0.9066241082371941
LA1_1719778867,0.9059964857981305
LA1_1719530968,0.9056486835312116
LA1_1719288381,0.9052493741224765
LA1_1719226741,0.9051827580964447
LA1_1717388077,0.9051341078190934
LA1_1719851010,0.9045354105392125
LA1_1719787218,0.9042803793303678
LA1_1719719975,0.9040206350800666
LA1_1719623063,0.9035681351431336
LA1_1719805135,0.9030138507702703
LA1_1719831208,0.9026645107887298
LA1_1718024084,0.9025084034703497
LA1_1719836516,0.9020047889169324
LA1_1719160114,0.901555186138768
LA1_1717673737,0.9001844287791594
LA1_1719942565,0.900089772420645
LA1_1718146518,0.899995635188305
LA1_1719411689,0.8995421154711125
LA1_1719769403,0.8982446253212414
LA1_1718426990,0.8981329041180539
LA1_1719546365,0.8979542833721411
LA1_1719309547,0.897663207365052
LA1_1719858533,0.8968985910804934
LA1_1717592928,0.8963454173551835
LA1_1718575877,0.8960447033755439
LA1_1719844884,0.8958684343014166
LA1_1718462054,0.8956807067070457
LA1_1719326979,0.8954496693370794
LA1_1719625944,0.8951503593456226
LA1_1719778826,0.8948268186621071
LA1_1719947047,0.8946131735981928
LA1_1719696192,0.8942581749642551
LA1_1719585574,0.8929128092667854
LA1_1718921693,0.8925721230398365
LA1_1719505667,0.8923532378802628
LA1_1718822260,0.8923182140542038
LA1_1719759625,0.8920877606781604
LA1_1719722665,0.8915674597249639
LA1_1719860327,0.8912956979944034
LA1_1715903259,0.8905774810813888
LA1_1718446660,0.8904320335738022
LA1_1719737630,0.8903206680422245
LA1_1719534467,0.8902059334432219
LA1_1719932536,0.8901392759621827
LA1_1719798116,0.8900461668799663
LA1_1719793844,0.889962253122159
LA1_1719004407,0.8899219138550469
LA1_1719793265,0.8894880739787636
LA1_1716784675,0.8893446507096575
LA1_1719763068,0.8890486933209738
LA1_1718668936,0.8886738507495101
LA1_1719380269,0.8885737239102471
LA1_1716691843,0.8885529251840123
LA1_1719094271,0.8874802707981576
LA1_1719900671,0.8874520513467764
LA1_1719712641,0.8873522250482081
LA1_1719025270,0.8870982771068701
LA1_1719301850,0.8866404646120615
LA1_1719538425,0.8864952104019909
LA1_1719086705,0.8864883881438049
LA1_1719912656,0.885791014106594
LA1_1717487524,0.8855045558320698
LA1_1719737629,0.8853957064244273
LA1_1718451108,0.8853695906059935
LA1_1719629744,0.8849517915136814
LA1_1719630389,0.8847874586172614
LA1_1719725685,0.8846380469493728
LA1_1718524974,0.8846008375376188
LA1_1718351146,0.8845263874053806
LA1_1719491599,0.884197105787485
LA1_1719582778,0.8833873853125539
LA1_1719729212,0.8833595732187455
LA1_1719298983,0.8832712256928619
LA1_1719944316,0.8831981457392288
LA1_1717496193,0.8831403218685582
LA1_1719929411,0.8829409573248177
LA1_1718388049,0.8827796794293257
LA1_1719909044,0.8826615609474515
LA1_1719852053,0.882461488335383
LA1_1717994106,0.8824131644149582
LA1_1719074309,0.8820737400988025
LA1_1719765101,0.8816038311624574
LA1_1719486516,0.8814269535545494
LA1_1719514942,0.8808727415778795
LA1_1719725896,0.880600479147071
LA1_1719524303,0.8803965373008564
LA1_1718638954,0.8802230880711854
LA1_1718850960,0.8800407658604923
LA1_1719157762,0.8785981572831028
LA1_1718139838,0.8785066993113986
LA1_1716763953,0.8783271805864066
LA1_1719096002,0.8783271805864066
LA1_1719484618,0.8777858630449652
LA1_1717217601,0.8776967552709213
LA1_1719764539,0.8774310974086609
LA1_1718677453,0.8774087849466583
LA1_1719900034,0.8772824050809247
LA1_1719787039,0.877190811297984
LA1_1719778604,0.8767268679679802
LA1_1719475484,0.8767056990501131
LA1_1715844810,0.876481530565636
LA1_1718239052,0.8764719330681606
LA1_1719499009,0.8762321456878372
LA1_1718926500,0.87604374693565
LA1_1719805048,0.875801016382604
LA1_1719425599,0.8757613569334413
LA1_1719609785,0.8757319818883267
LA1_1716742790,0.8756489714862686
LA1_1719864436,0.8750154762084803
LA1_1719903592,0.8750103032207257
LA1_1719830315,0.8750051300494509
LA1_1719222610,0.874914973764201
LA1_1719538701,0.8737856136218581
LA1_1719858608,0.8732195014480523
LA1_1719728167,0.8731207332742973
LA1_1719443409,0.8729188043062823
LA1_1719060737,0.8724500559835928
LA1_1719007002,0.8721590911387356
LA1_1719108389,0.8720559241660634
LA1_1719751231,0.8717777633387581
LA1_1719623024,0.870954577940401
LA1_1719593627,0.8708225239963103
LA1_1718159848,0.8706743777880105
LA1_1719855616,0.8700765639031626
LA1_1715837632,0.8700246505937369
LA1_1719487583,0.8700101692017517
LA1_1718643681,0.8697548782392924
LA1_1719949342,0.869346861167655
LA1_1719767244,0.8688938605596047
LA1_1718384203,0.8688307652949429
LA1_1719775698,0.8686660707852738
LA1_1718132203,0.8684487531820706
LA1_1719574856,0.86818635064449
LA1_1719739236,0.8681693493059419
LA1_1719021249,0.867904124051333
LA1_1719604652,0.8677895424168116
LA1_1717814396,0.8675562823861124
LA1_1719911913,0.8675035154028328
LA1_1719872103,0.8673630262156701
LA1_1719609450,0.86734670053956
LA1_1718777676,0.8666680184205544
LA1_1719624949,0.866664921448674
LA1_1719900936,0.8663009886033511
LA1_1719779363,0.865998151072968
LA1_1718152444,0.8657503074036904
LA1_1719338778,0.865205803446167
LA1_1719899063,0.865157763676436
LA1_1719923496,0.8650710262932214
LA1_1719035905,0.8645644898924019
LA1_1719822465,0.8645423343870184
LA1_1719855292,0.8644901760861914
LA1_1718673080,0.8642931458167072
LA1_1719751787,0.864263884336507
LA1_1719756322,0.8635098154118254
LA1_1717072285,0.8634581068681707
LA1_1719138405,0.8630356640988938
LA1_1718414393,0.8626099228558843
LA1_1718526938,0.8625347070968988
LA1_1719399728,0.8621219000135171
LA1_1719837174,0.8616350549683924
LA1_1719025717,0.8614893368280676
LA1_1719004187,0.861250736436979
LA1_1719491940,0.861079554339714
LA1_1719534817,0.8610400910356748
LA1_1719809897,0.8607272529568635
LA1_1718477431,0.8605134810055746
LA1_1719761937,0.8604541937152362
LA1_1716779372,0.8601265529363885
LA1_1719008910,0.8598167429636847
LA1_1718338422,0.8597558370929032
LA1_1719228905,0.8591965470189318
LA1_1719554196,0.8589873460231954
LA1_1719731724,0.8586755776691106
LA1_1719881363,0.8586198491114512
LA1_1719947308,0.8585665914564752
LA1_1719768296,0.8582029745775932
LA1_1718469424,0.8580740585913886
LA1_1716750404,0.8577777662868529
LA1_1719181532,0.8573739046201949
LA1_1719681271,0.8571674221842093
LA1_1718971655,0.8568174871832075
LA1_1718914878,0.8565215723830041
LA1_1717334322,0.8559474201716278
LA1_1719143271,0.8557125527845189
LA1_1717020508,0.8556299073885698
LA1_1719605156,0.8552869902601915
LA1_1719771654,0.855220152058887
LA1_1719712543,0.8551850087341007
LA1_1719885988,0.8544092032911333
LA1_1718655514,0.853940887106069
LA1_1719224562,0.8536619064572086
LA1_1719934453,0.8532728348942767
LA1_1718696852,0.8526597924472862
LA1_1717946413,0.8524722928455252
LA1_1719366176,0.8524554388456594
LA1_1715834534,0.8521852345390821
LA1_1719930959,0.8515803954758062
LA1_1719049695,0.8515728236486316
LA1_1719804693,0.8514183358932148
LA1_1719893943,0.8508735824108977
LA1_1719821009,0.8508213154365794
LA1_1719691055,0.8506274779818841
LA1_1719925996,0.8496903093033442
LA1_1716664272,0.8494246075483813
LA1_1719609755,0.848880763340303
LA1_1719034396,0.8486398543278421
LA1_1719399070,0.8485956549275259
LA1_1719742963,0.848360457616887
LA1_1719412790,0.8475317905297074
LA1_1719287979,0.8474673542462634
LA1_1719868665,0.8473434213464947
LA1_1717722464,0.8470874336512108
LA1_1719875987,0.8470741572288305
LA1_1719002346,0.8466399664442926
LA1_1719717938,0.8464689762436021
LA1_1719099853,0.8461372026405535
LA1_1717847825,0.8458601924963322
LA1_1719580931,0.8456761456709366
LA1_1719782304,0.8452387108071686
LA1_1718928162,0.8452325233731288
LA1_1719500792,0.8450602511104888
LA1_1719456252,0.844950509570129
LA1_1719012835,0.8447533323679302
LA1_1719073749,0.8436657804463434
LA1_1719586837,0.843068385367732
LA1_1718491239,0.8428941519461075
LA1_1717674037,0.8427099393719505
LA1_1719872241,0.8422172261477802
LA1_1719580851,0.8420844174373878
LA1_1719247791,0.8420394981987752
LA1_1719278451,0.8418248259402603
LA1_1719799686,0.8417438889932205
LA1_1719787161,0.8415288906016031
LA1_1719681681,0.8413892993641967
LA1_1719725427,0.8409221273143888
LA1_1719714845,0.8406483145984575
LA1_1719577881,0.840394845332039
LA1_1719817339,0.8400477644317612
LA1_1719296791,0.8395238748357572
LA1_1719325746,0.8395166057702149
LA1_1719741480,0.8394638719379426
LA1_1719843969,0.8391760656634276
LA1_1719886718,0.8390483367144247
LA1_1719318515,0.838899823302537
LA1_1719517371,0.8386836219870326
LA1_1719828212,0.838468893811754
LA1_1719282730,0.8379920411502191
LA1_1719613334,0.8377306619917245
LA1_1719889187,0.8374616468546957
LA1_1717765268,0.8363652806314015
LA1_1719557177,0.8357500122145525
LA1_1719408466,0.8357064573059312
LA1_1719462365,0.8356999628478043
LA1_1719521981,0.835294524140613
LA1_1719582367,0.8350418129121647
LA1_1719646473,0.834263935437752
LA1_1718170753,0.8337459581905482
LA1_1719157097,0.833554323131915
LA1_1718912931,0.8329334493733834
LA1_1719135823,0.8328517198835136
LA1_1718689359,0.8322135126347199
LA1_1719514272,0.8317994383330511
LA1_1719014940,0.8317994383330511
LA1_1719798595,0.8312895176488151
LA1_1719841088,0.8309686216428213
LA1_1719715399,0.8304085142113604
LA1_1719791417,0.8301850013369574
LA1_1719266810,0.8296895516577276
LA1_1719899598,0.8296857645588817
LA1_1717942286,0.8294337883290541
LA1_1719577044,0.8286310869448568
LA1_1718609767,0.8282001242021508
LA1_1719726272,0.8280273461337813
LA1_1718883721,0.8278051660748265
LA1_1715860628,0.8277079564401887
LA1_1719384174,0.8276529879907993
LA1_1719561323,0.8272703756189361
LA1_1719601298,0.8268631188169787
LA1_1718177820,0.8268534123981965
LA1_1719200686,0.8266987631801537
LA1_1718374861,0.8261574591624371
LA1_1719700405,0.825763556294876
LA1_1719328136,0.8255983770203676
LA1_1719868285,0.8254933705319534
LA1_1719301039,0.8254747444675056
LA1_1719883817,0.8248017659352093
LA1_1719610497,0.8247764249886861
LA1_1716751599,0.8246183118470228
LA1_1719721586,0.8243410217313731
LA1_1719785557,0.8240681864793341
LA1_1718986592,0.8240583567115294
LA1_1718697793,0.8240533265704137
LA1_1718993379,0.8240123543242184
LA1_1719832495,0.8236900727393398
LA1_1719162613,0.8234164430079683
LA1_1718735559,0.8231383464397726
LA1_1719204568,0.8224357340365557
LA1_1719624736,0.8218138857459318
LA1_1718162315,0.8214775835660475
LA1_1717869274,0.8205818903873563
LA1_1719846186,0.820577944562301
LA1_1718968846,0.8203223835762661
LA1_1719542310,0.8202288417360467
LA1_1718251743,0.8201960080904656
LA1_1719690612,0.8196077703095558
LA1_1719801990,0.8191393989590362
LA1_1719827540,0.8188611944702576
LA1_1719727736,0.8185786767454912
LA1_1719758058,0.8183429834064182
LA1_1719054765,0.8183108709828053
LA1_1717415145,0.8181230045606924
LA1_1719303717,0.817835598874562
LA1_1719509185,0.8177984838624016
LA1_1719446227,0.8173058279935431
LA1_1719760803,0.8169641906515361
LA1_1719514502,0.8169186309688218
LA1_1719391611,0.8165914464544888
LA1_1719604086,0.8165328258278255
LA1_1718509400,0.8161661607486903
LA1_1719721867,0.8156423132397096
LA1_1719917952,0.8154087010089559
LA1_1718913849,0.8152938939691621
LA1_1717310451,0.815101526266431
LA1_1719946814,0.8149113846850354
LA1_1719847508,0.8140504093348399
LA1_1719731788,0.8139902068742374
LA1_1719430300,0.8133986782342942
LA1_1719952471,0.8131240135290198
LA1_1719580552,0.812986537914327
LA1_1719726605,0.8128931660100259
LA1_1719924362,0.8128449073407182
LA1_1719779580,0.8118818147940408
LA1_1718625755,0.8118280558153708
LA1_1719204886,0.8118024723771308
LA1_1716792957,0.811646654383031
LA1_1719822794,0.8113718848319788
LA1_1718712254,0.8112614793645081
LA1_1719557267,0.8107575707461817
LA1_1718665650,0.8106415641637948
LA1_1719258242,0.8096916547213431
LA1_1719312857,0.809254107065947
LA1_1719443853,0.808866513055949
LA1_1718929198,0.8087442544614752
LA1_1719558695,0.8084486182076117
LA1_1719570686,0.8083682236413844
LA1_1719719996,0.808255252352375
LA1_1719262539,0.8079559137581488
LA1_1719718487,0.8077263119491752
LA1_1719710783,0.8075060598842154
LA1_1719749974,0.8074705226335461
LA1_1719670479,0.8068474551149868
LA1_1718740957,0.8063892811569983
LA1_1719934473,0.8061562857059947
LA1_1719728567,0.8061153303459382
LA1_1719685662,0.8059431058106135
LA1_1718134009,0.8058512502280826
LA1_1719382612,0.8057183426335477
LA1_1719578237,0.805703533850226
LA1_1719626048,0.8051756819946209
LA1_1719721633,0.8051534214570313
LA1_1719597776,0.8050920176176406
LA1_1719702569,0.8050761283854326
LA1_1718996860,0.8048989955011169
LA1_1716085600,0.8044734281553363
LA1_1718454268,0.8040944224589759
LA1_1719479807,0.8036579284287362
LA1_1719783009,0.8036559392141986
LA1_1719011231,0.8033798084397346
LA1_1719229105,0.8027490398959417
LA1_1719618987,0.8025630122941808
LA1_1719274290,0.8021497762162807
LA1_1719399876,0.8014944079663814
LA1_1719656087,0.8008633087998883
LA1_1719936131,0.8008524958365134
LA1_1718997967,0.8004711275508539
LA1_1719684351,0.8000521720889279
LA1_1719832909,0.8000294715317284
LA1_1718981111,0.7994243702189898
LA1_1718692665,0.7985015561628669
LA1_1718370081,0.7984007164494396
LA1_1719819700,0.7982398617558747
LA1_1719567162,0.7981592421278191
LA1_1719762672,0.7971647357486412
LA1_1718975579,0.7971330655575121
LA1_1719618006,0.7968250674643769
LA1_1718138228,0.7967243657400873
LA1_1719565526,0.7966993415092866
LA1_1719073183,0.7966589342532867
LA1_1719921554,0.7965604714101211
LA1_1719005532,0.795629132967489
LA1_1719950259,0.7949851834291392
LA1_1718987156,0.7946395178980671
LA1_1718382167,0.7937778661384325
LA1_1718411842,0.7935390608403536
LA1_1718937317,0.7923220215498383
LA1_1717931144,0.7917926335834734
LA1_1719514348,0.790527140855629
LA1_1719571430,0.7900057468511951
LA1_1718810172,0.7897906934250105
LA1_1719863539,0.7896479770305215
LA1_1719666598,0.7896449451273333
LA1_1719143814,0.7891038361617764
LA1_1719414764,0.7889669285529742
LA1_1719168812,0.7886453523948082
LA1_1719585605,0.7883774044374299
LA1_1719334209,0.7881498103636789
LA1_1719303997,0.7876463940340149
LA1_1718983506,0.7870123648490622
LA1_1715825015,0.7869855181197832
LA1_1717137497,0.7866288679189894
LA1_1717666271,0.7863511096122963
LA1_1719274414,0.7863068709033006
LA1_1719821401,0.7837438246873831
LA1_1719625039,0.7836152972350924
LA1_1719331572,0.7831276538624796
LA1_1719899129,0.7820676906801641
LA1_1719726686,0.7816025076047288
LA1_1719880592,0.7811133665938564
LA1_1719559306,0.7810685570790166
LA1_1719287383,0.7803207999633797
LA1_1719921451,0.7802074167473098
LA1_1718353758,0.7795305067604695
LA1_1719226448,0.7788024048619879
LA1_1719104143,0.7785627849824498
LA1_1718514744,0.7785102582027034
LA1_1719432181,0.7784661536309044
LA1_1717916513,0.7777074044258719
LA1_1719756707,0.7773803320902035
LA1_1717170388,0.7773104144036145
LA1_1719854948,0.7768707725475338
LA1_1719217325,0.776375046364278
LA1_1719400383,0.7763317336156176
LA1_1719745047,0.7754445289424242
LA1_1718479934,0.7744971070647575
LA1_1719845954,0.7744957285632198
LA1_1718972203,0.7743685786951073
LA1_1719665215,0.7737994301799996
LA1_1719266873,0.7734425926937641
LA1_1719793508,0.7732197519985184
LA1_1719893318,0.7728374111524681
LA1_1718923875,0.7728127156700664
LA1_1719814255,0.7716833051838023
LA1_1719170506,0.7714873389231476
LA1_1719426675,0.7705554798216635
LA1_1715885526,0.7701458633576433
LA1_1719853019,0.7700572516276352
LA1_1719918090,0.7698803001201702
LA1_1719844297,0.7698338686261795
LA1_1719801950,0.7692424174536121
LA1_1719887372,0.7690203205493765
LA1_1719784667,0.7689545557440455
LA1_1718370538,0.7687972906331452
LA1_1715679634,0.767904935097965
LA1_1719397392,0.7677856434462902
LA1_1719715231,0.7677436957687411
LA1_1719595806,0.767732730348402
LA1_1719479082,0.7673507228172689
LA1_1719508324,0.7672677343687833
LA1_1717829632,0.7669676700365124
LA1_1719727120,0.7668204171907206
LA1_1719643816,0.7664629468437787
LA1_1719900517,0.7656862096131529
LA1_1719012682,0.7654754398869277
LA1_1719225909,0.7652804625730338
LA1_1719541691,0.7649709643188266
LA1_1719227476,0.7645459097400327
LA1_1719564990,0.7644063380645958
LA1_1717712120,0.7642772788271616
LA1_1717920958,0.7641469163111316
LA1_1719328592,0.7639100030089029
LA1_1719497105,0.7638040822320997
LA1_1718971122,0.7637029651398773
LA1_1719535399,0.7636810563555321
LA1_1719710263,0.7621659568765228
LA1_1719317281,0.7621655496654903
LA1_1719563114,0.7611192182499184
LA1_1719925143,0.7608063011914344
LA1_1719383924,0.7607485622419441
LA1_1718231097,0.7607152076241651
LA1_1717195780,0.7605160733791323
LA1_1719364879,0.7602678525377226
LA1_1718958119,0.7599068124098913
LA1_1719001925,0.7598049615303608
LA1_1719810243,0.7593648599482751
LA1_1719827786,0.7576656433618715
LA1_1719837558,0.7576274870572668
LA1_1719856057,0.7569649097985244
LA1_1719817764,0.7566421306175638
LA1_1719652396,0.7560810943388234
LA1_1719549836,0.755441391812944
LA1_1719846473,0.7551957893501997
LA1_1719887243,0.7547091679714486
LA1_1719641694,0.7546989503340281
LA1_1719853905,0.7538256654178643
LA1_1719758039,0.7531287580523135
LA1_1719043963,0.7528410423406043
LA1_1719634058,0.7515704323893696
LA1_1718861967,0.7513484368090402
LA1_1719934136,0.751243724012363
LA1_1718986540,0.7491605045615722
LA1_1717810454,0.7488049961190488
LA1_1719600829,0.7485638499901717
LA1_1719606085,0.7478148078407391
LA1_1719435530,0.7468831429090697
LA1_1719780725,0.7466763308252673
LA1_1719727999,0.7449974880961923
LA1_1716087718,0.7434968081428125
LA1_1719480744,0.7433691638286567
LA1_1719347415,0.7425314741762782
LA1_1719873244,0.7424889049699767
LA1_1719469170,0.7423155041635395
LA1_1717649839,0.7418262247614026
LA1_1719405773,0.7416980379295268
LA1_1717904873,0.7411767167200684
LA1_1719907051,0.7408742876583264
LA1_1719793255,0.7408280355075566
LA1_1719113296,0.7407163584162917
LA1_1719440200,0.7403419459148741
LA1_1719816731,0.739315355294649
LA1_1719585622,0.738743992330825
LA1_1719564193,0.7382888832883618
LA1_1719748052,0.7382629897753936
LA1_1719072400,0.7374310695699556
LA1_1719819374,0.7364157393095259
LA1_1719840252,0.7359160478057536
LA1_1718537708,0.7355407290127212
LA1_1719769301,0.7354696132747862
LA1_1719194416,0.7348849844907339
LA1_1719683318,0.7348150526758632
LA1_1719725089,0.7340806689340322
LA1_1719521879,0.7335796948020655
LA1_1719848615,0.7329219586444609
LA1_1719153384,0.7327966308509472
LA1_1718156858,0.7325839764024973
LA1_1718714011,0.7324713936733497
LA1_1719022145,0.7322093527158632
LA1_1719862184,0.7321724957836505
LA1_1719940149,0.7314132059177606
LA1_1719185522,0.7312289818386353
LA1_1718975085,0.7308680462635823
LA1_1719825808,0.7306885474662205
LA1_1719627012,0.7301530903791505
LA1_1719731962,0.7295393675535322
LA1_1719546287,0.7294023290289376
LA1_1717226990,0.729242008787844
LA1_1719497575,0.7289193412719722
LA1_1719256179,0.7288970413865882
LA1_1718785593,0.7284791826773966
LA1_1719227232,0.7279779917022714
LA1_1719581040,0.7276626349729706
LA1_1719919929,0.7271499966620302
LA1_1719865952,0.7268445524284481
LA1_1719292350,0.7263513258461252
LA1_1719350648,0.726250648592852
LA1_1718479632,0.7255587999166443
LA1_1719899380,0.7242465521959669
LA1_1716313317,0.7239107318012774
LA1_1716647943,0.7238756832248585
LA1_1719442372,0.7238390541475154
LA1_1718395793,0.7228409723917587
LA1_1719437531,0.722570225914345
LA1_1719373072,0.7222616130474274
LA1_1719569056,0.7219527889828121
LA1_1718756319,0.7214579141792514
LA1_1719580812,0.721453663073676
LA1_1719287371,0.7209571073396038
LA1_1718462143,0.7198533082661815
LA1_1719782528,0.7194676795895265
LA1_1719622164,0.7191065714225033
LA1_1719932165,0.7185894757934405
LA1_1719818165,0.7185173463298288
LA1_1719337045,0.7183532711994843
LA1_1719345523,0.7178752520186212
LA1_1718649258,0.7176941330758213
LA1_1719745967,0.7166390591299527
LA1_1719546857,0.7165101928611305
LA1_1719641489,0.7162741417319669
LA1_1719906537,0.7160630500147697
LA1_1719412050,0.7157580635360736
LA1_1719905145,0.7156113099745938
LA1_1719416454,0.7142808444307389
LA1_1719547567,0.712800184560459
LA1_1718875773,0.7125653971611597
LA1_1718297001,0.7121313412206238
LA1_1719338587,0.7120549831586316
LA1_1719495176,0.7120270458709637
LA1_1719918264,0.711999630311067
LA1_1719718432,0.7117866380192673
LA1_1719824254,0.7117672307508953
LA1_1719480627,0.7117199304116817
LA1_1719951361,0.7115968474504621
LA1_1719393794,0.7114636975258628
LA1_1719045118,0.7101007816519247
LA1_1717872579,0.7099052767086
LA1_1719941753,0.7088949837750324
LA1_1719881652,0.7081364197008382
LA1_1719792512,0.7080068938718702
LA1_1719826066,0.7076187597640108
LA1_1718865421,0.7074802858381094
LA1_1718178227,0.7072942386398203
LA1_1719779421,0.7066178504347044
LA1_1719795768,0.7052472362241207
LA1_1719813497,0.7048389246532498
LA1_1719954398,0.7039827995387182
LA1_1719536200,0.7039506007091882
LA1_1719767435,0.7037293175077582
LA1_1719953926,0.7036434407311578
LA1_1718388321,0.7024568318371692
LA1_1719944163,0.7018529077721839
LA1_1719023282,0.7010711765796522
LA1_1719886568,0.7010655599196484
LA1_1719431613,0.7009294532472691
LA1_1719946474,0.7008063432663063
LA1_1719220141,0.7006963124322683
LA1_1719190407,0.7006732840884373
LA1_1719282916,0.7005390064947097
LA1_1719208264,0.7000001945503126
LA1_1718400683,0.6998604482285073
LA1_1719857967,0.6987699942573574
LA1_1719443462,0.6986721488008679
LA1_1719129455,0.6980149728680177
LA1_1719403409,0.6979950317248094
LA1_1719574907,0.6977079791970368
LA1_1719772834,0.6966646200733884
LA1_1719747251,0.696386378950505
LA1_1719288656,0.6952749101570382
LA1_1719274968,0.6951819650944191
LA1_1719803851,0.6950470168926598
LA1_1719327133,0.6941598958086587
LA1_1719585440,0.6939026609049197
LA1_1719789882,0.6937039600412761
LA1_1719756250,0.6930438690096745
LA1_1719840661,0.6930250102419396
LA1_1718950317,0.6925537712142761
LA1_1719032937,0.6921104722391485
LA1_1719506175,0.692024383698101
LA1_1719873345,0.6913535350597738
LA1_1719530556,0.6912762188014802
LA1_1719756605,0.6908971794524498
LA1_1719021363,0.69081048870047
LA1_1719534739,0.6906648408216339
LA1_1719303097,0.68943333498813
LA1_1718984653,0.6891531112676967
LA1_1718471173,0.6883770764016164
LA1_1719483089,0.6882919073799395
LA1_1719799306,0.6861645815329775
LA1_1719913685,0.6851695052505279
LA1_1719547275,0.6842677212376184
LA1_1719170836,0.6817990071158782
LA1_1719047676,0.6815419144008149
LA1_1719225422,0.6805257115790239
LA1_1719466765,0.6802686091686103
LA1_1719121183,0.6790458767604893
LA1_1719454718,0.6788811091157373
LA1_1719289268,0.6783580322293106
LA1_1719395089,0.6761642260967622
LA1_1719214794,0.6758375134713743
LA1_1719839765,0.675702980583986
LA1_1719598851,0.6756782507723703
LA1_1719693125,0.674904930474061
LA1_1719754013,0.6741775625794884
LA1_1719583312,0.6736720196137828
LA1_1719571701,0.6734196786009751
LA1_1719543911,0.6731509337800455
LA1_1719714814,0.6730811277941092
LA1_1719553221,0.6729455101239541
LA1_1716730458,0.672723306815322
LA1_1719393025,0.6716220582948891
LA1_1719559145,0.6709133507843053
LA1_1718409376,0.6708236581902335
LA1_1719775974,0.6694840441942697
LA1_1719537215,0.6690101131946483
LA1_1719779638,0.6685603163162939
LA1_1719721320,0.6684092182175895
LA1_1719826054,0.6680890110454655
LA1_1719861353,0.6673956344014148
LA1_1719774975,0.6672442696120212
LA1_1719501829,0.6671482671734585
LA1_1719930800,0.6669729561101212
LA1_1719823838,0.6666054511088739
LA1_1719879992,0.6664644208316289
LA1_1719549461,0.6664056651103925
LA1_1719925201,0.6662330395131746
LA1_1719255705,0.6655528184936829
LA1_1718654531,0.664986374516459
LA1_1719755304,0.6649005867271872
LA1_1719730006,0.6646177796210604
LA1_1717565710,0.6639961583410454
LA1_1716651804,0.6634039708139281
LA1_1719251688,0.6629999183835026
LA1_1719928553,0.6624942323972032
LA1_1715816604,0.6618044076230919
LA1_1719607160,0.6617240721591708
LA1_1718556675,0.6615825282423735
LA1_1719500334,0.661020964832503
LA1_1718562777,0.6608713543491402
LA1_1717638422,0.6607218594099054
LA1_1719788010,0.660099894877028
LA1_1718970282,0.6600846826826609
LA1_1719770137,0.6600634566545426
LA1_1719880640,0.659786087382512
LA1_1719862832,0.6596615494094853
LA1_1718428110,0.6589660822373249
LA1_1718936085,0.6576418193197328
LA1_1719038186,0.657520248570419
LA1_1719890221,0.6567458918315036
LA1_1719203465,0.6557212977082532
LA1_1719793701,0.6553354577538404
LA1_1719839092,0.6550213339440759
LA1_1719381585,0.6549348261988936
LA1_1715688872,0.6536016316273086
LA1_1719179050,0.6534169018816509
LA1_1719623272,0.6530468639744955
LA1_1719766200,0.6525461440683401
LA1_1719932218,0.6519916555932291
LA1_1716732593,0.6509790420930691
LA1_1719871560,0.6506811907356612
LA1_1719732230,0.6499812624504685
LA1_1718722460,0.6496231590532177
LA1_1719279741,0.6483301552347253
LA1_1719900996,0.6482857292629646
LA1_1719723909,0.644983524123819
LA1_1719924456,0.6449150556246497
LA1_1719186511,0.6444129884635176
LA1_1719829315,0.6440324301519922
LA1_1719810556,0.6428866891158945
LA1_1717940842,0.642532771879413
LA1_1719265917,0.6390262345298144
LA1_1719507405,0.6390262345298144
LA1_1719612402,0.6378368643033026
LA1_1718554515,0.6376860616349475
LA1_1719757349,0.6375441868534578
LA1_1719053528,0.6371837432619717
LA1_1719862907,0.6358406280171465
LA1_1719727507,0.6346686972915455
LA1_1719473423,0.6344030848257809
LA1_1719553974,0.6343308085020635
LA1_1719940584,0.6343203580148784
LA1_1719452556,0.6341147692352049
LA1_1719956204,0.6337186266627624
LA1_1719507307,0.6327875109263597
LA1_1719800163,0.6325414054459605
LA1_1719754903,0.6319432133343441
LA1_1719527549,0.6319019038110432
LA1_1719493760,0.631131141853876
LA1_1719707443,0.6307961355502062
LA1_1719594071,0.6307051395417516
LA1_1717595849,0.6306658455105522
LA1_1718455175,0.6306139816901283
LA1_1719854110,0.6293048342806061
LA1_1719550042,0.6290827786584152
LA1_1719955335,0.6288711836938375
LA1_1719698360,0.6279797888110077
LA1_1719005840,0.6275894372174263
LA1_1719838693,0.6271004808503647
LA1_1719940053,0.6267402379286395
LA1_1719549918,0.6257989053440226
LA1_1719464433,0.6251682367087281
LA1_1719890380,0.6251349842295123
LA1_1719745526,0.624210973838894
LA1_1719659420,0.623744874374832
LA1_1719953569,0.6236801919504649
LA1_1719896489,0.6225988563691606
LA1_1718702948,0.6225229812664641
LA1_1717389525,0.6224928893465018
LA1_1719838696,0.622488072071558
LA1_1719710176,0.6224658410964445
LA1_1719479498,0.6222469664311047
LA1_1719883308,0.6193424420105572
LA1_1719469151,0.6185174892047691
LA1_1719867460,0.6181906926723254
LA1_1719277312,0.6178756420384437
LA1_1719759539,0.617844876655484
LA1_1719805807,0.6176762171408016
LA1_1718964540,0.6155732754703093
LA1_1719455735,0.6154162371844197
LA1_1718995475,0.6152884436285471
LA1_1718375518,0.6151363698860076
LA1_1719777242,0.6124371784746395
LA1_1719878536,0.6121741862601036
LA1_1718606779,0.6121359231921224
LA1_1718777572,0.6121282193940086
LA1_1719728932,0.6119099254447321
LA1_1719845004,0.6109752571122754
LA1_1719790179,0.6106201158214944
LA1_1719696151,0.6100134942540637
LA1_1719175327,0.6097857046145934
LA1_1719877576,0.6090643297190482
LA1_1719719539,0.6089662604488714
LA1_1719558262,0.6088999394992624
LA1_1719627090,0.6085016171104568
LA1_1719512013,0.6082105309571565
LA1_1719272525,0.6071642670144687
LA1_1718883907,0.6069152000104913
LA1_1719667920,0.6064717362475888
LA1_1718946792,0.6052794361801406
LA1_1719229103,0.6047224838578508
LA1_1719772045,0.6044822988717148
LA1_1719030467,0.6042654983321126
LA1_1719937085,0.6035405533377904
LA1_1718618587,0.6033434394532845
LA1_1717707122,0.6028764718796413
LA1_1719105543,0.6026795417469027
LA1_1719652455,0.6023001729817145
LA1_1719531212,0.6019245165905489
LA1_1717426757,0.6013455606740346
LA1_1719946255,0.6009992508485992
LA1_1718434355,0.6009182547604979
LA1_1718839197,0.6001521075628222
LA1_1719919694,0.5996625944373183
LA1_1719734784,0.5995706911101379
LA1_1719691545,0.5992673346414265
LA1_1719507013,0.59917842885966
LA1_1716662694,0.599009590398911
LA1_1719892940,0.5989433898370533
LA1_1719933769,0.5981112553407026
LA1_1719876582,0.5978803988831132
LA1_1719800446,0.5977090471135179
LA1_1719706477,0.5970266823023811
LA1_1719333980,0.5959557424804948
LA1_1715822576,0.5956620676417024
LA1_1719643965,0.5954128204033936
LA1_1719451495,0.5949283477396655
LA1_1717406997,0.5943668209592813
LA1_1719313136,0.5943618786527035
LA1_1719757032,0.5942317017805968
LA1_1719565144,0.5938219412941389
LA1_1719761544,0.5937731808731178
LA1_1719822532,0.5929305987630711
LA1_1718422344,0.592425932895593
LA1_1719492278,0.5915484923774527
LA1_1717386814,0.589995217529764
LA1_1719506817,0.5898482038631325
LA1_1719767882,0.5890739705697222
LA1_1719793459,0.5884678602038802
LA1_1719369432,0.5881221472836361
LA1_1719245753,0.5875480911515842
LA1_1719064146,0.5873099457213357
LA1_1719926636,0.5859216977418558
LA1_1719500594,0.58587554915077
LA1_1719411667,0.5847781370100249
LA1_1719554707,0.5847076091741648
LA1_1719888396,0.5839433805854671
LA1_1719518492,0.5838503729363869
LA1_1719909915,0.5820036417998316
LA1_1719361848,0.5818788094825658
LA1_1719740827,0.5817636409666793
LA1_1718705884,0.5816472306300523
LA1_1719469497,0.5815615871050301
LA1_1719763052,0.5803921165979015
LA1_1719938265,0.5803033311968734
LA1_1718404322,0.5799169420363014
LA1_1719706234,0.5791669275407364
LA1_1719795788,0.5780622953362808
LA1_1717178345,0.5778844504557739
LA1_1719756460,0.5776261842201481
LA1_1719751976,0.5772979146810815
LA1_1719764590,0.5771103658523254
LA1_1719368869,0.5767674402441701
LA1_1719417982,0.5762418797060975
LA1_1717900783,0.5757487945951675
LA1_1719561286,0.5755712393337289
LA1_1719775372,0.5754522749408216
LA1_1719686111,0.5741937219257324
LA1_1719880064,0.5734062951800049
LA1_1719760898,0.5724566478394134
LA1_1717826557,0.5723900251163148
LA1_1719753136,0.5717161152776182
LA1_1719460446,0.5714745567861067
LA1_1717662567,0.5714105391082869
LA1_1719592605,0.5712267888904279
LA1_1719580499,0.5708528993015339
LA1_1719951848,0.570783675934875
LA1_1719783400,0.5700362609146657
LA1_1719831238,0.5692516929429507
LA1_1717422754,0.567827665387113
LA1_1719424622,0.5672761852871033
LA1_1719873353,0.5663530285135452
LA1_1719923934,0.5649944796378095
LA1_1717096015,0.5646031830363808
LA1_1717144534,0.5643974971022288
LA1_1719826300,0.5638741436258847
LA1_1719921018,0.5638134347304179
LA1_1719743623,0.5633795990434268
LA1_1719630417,0.5632083860428206
LA1_1719678300,0.5626027031928981
LA1_1718907786,0.5624545412036054
LA1_1719830652,0.5623446426500447
LA1_1717637024,0.5621336715058365
LA1_1718473188,0.5616650817956369
LA1_1719789589,0.5614307456322323
LA1_1718995368,0.5612700115846618
LA1_1719834942,0.560626678899502
LA1_1719585103,0.5603368161690887
LA1_1719517615,0.5599115725271616
LA1_1719225561,0.5595672891689407
LA1_1717623250,0.5592926828296618
LA1_1719332023,0.5589067072749881
LA1_1719724362,0.5581594272018622
LA1_1719828689,0.55797960805041
LA1_1719626616,0.5579144183172022
LA1_1719799437,0.5577462457826123
LA1_1719284140,0.5575649988739954
LA1_1719692504,0.5573615423339409
LA1_1719719598,0.5564018610134182
LA1_1719771162,0.5557010655243452
LA1_1719849671,0.55569700637809
LA1_1717967642,0.5547140933094156
LA1_1719547801,0.5535377724187956
LA1_1719607368,0.5534929648103427
LA1_1719729338,0.5533230613736134
LA1_1719482068,0.553307613492594
LA1_1719912440,0.553139092128478
LA1_1719767682,0.5530556056585947
LA1_1719935083,0.5517306538498096
LA1_1719459884,0.5505182805332548
LA1_1719340708,0.550443450527319
LA1_1719462253,0.5502858763840095
LA1_1719722785,0.5491736678634374
LA1_1719580564,0.5479196561157713
LA1_1719513832,0.5467523308104342
LA1_1719614778,0.5448050352383453
LA1_1719842476,0.5445567060187851
LA1_1719544255,0.5437099890839405
LA1_1718414468,0.5426037884107798
LA1_1718568655,0.5420780122266121
LA1_1717977812,0.5417845123729179
LA1_1719778913,0.5414126966194737
LA1_1719886541,0.5412582831199229
LA1_1719733347,0.5402361737362403
LA1_1719329070,0.5399254908443687
LA1_1719200784,0.5396890574383201
LA1_1719951092,0.5395872987213334
LA1_1719283040,0.5394179099098407
LA1_1719907965,0.539047286616816
LA1_1719488975,0.5386545147042433
LA1_1717303406,0.5375911027966427
LA1_1719749537,0.5373590354463936
LA1_1719550736,0.5370205744661886
LA1_1719588147,0.5370082557198734
LA1_1718940446,0.5363771619860817
LA1_1719785242,0.5361404716818317
LA1_1719428041,0.535044334118978
LA1_1719480597,0.5349450107812554
LA1_1718923797,0.5346881320253737
LA1_1719816349,0.5340115029393492
LA1_1719858276,0.533616747372355
LA1_1719920806,0.5335711421483217
LA1_1718664644,0.5323532490390868
LA1_1719808489,0.5322050931758394
LA1_1719599465,0.5294180622825178
LA1_1719308964,0.5281044385362571
LA1_1717958409,0.5271592811020513
LA1_1719762737,0.5248176649140415
LA1_1717744933,0.5244344141695988
LA1_1719735766,0.5228884945467484
LA1_1718370901,0.5222184631159899
LA1_1719280950,0.521201129792666
LA1_1718126394,0.5206757179639626
LA1_1719764095,0.5198663132965696
LA1_1719809314,0.5198478173263373
LA1_1719468067,0.5196174968013593
LA1_1719251475,0.5195377437841722
LA1_1719721394,0.5193074120562545
LA1_1719808560,0.5192903239672677
LA1_1719811594,0.5188923624859909
LA1_1717576629,0.516136719497261
LA1_1719486231,0.5160961617812702
LA1_1717061848,0.5156213184055687
LA1_1719472524,0.5154302996264274
LA1_1719703989,0.5151622589250568
LA1_1719334886,0.5136332251553074
LA1_1719265001,0.5130646354891956
LA1_1719864099,0.5130614860093842
LA1_1717756720,0.512174225564604
LA1_1719120556,0.5111641945009557
LA1_1719738771,0.5108889385768506
LA1_1719291987,0.510280323839667
LA1_1719807149,0.5100967107437971
LA1_1717938040,0.5091014728180502
LA1_1719821917,0.5084671578219611
LA1_1719568773,0.5077462609269466
LA1_1719741097,0.5070562375045914
LA1_1718412428,0.506705710339314
LA1_1719452930,0.5060640423694044
LA1_1719303271,0.5059172607295814
LA1_1719596066,0.505828107362407
LA1_1719882354,0.5051261919392716
LA1_1719517500,0.5038131273389552
LA1_1719447843,0.5037661395930203
LA1_1717433154,0.5035386235533484
LA1_1719665304,0.5035262375432387
LA1_1719660501,0.503130247392095
LA1_1719549753,0.5030509365566845
LA1_1717389143,0.5013822280859989
LA1_1717346791,0.5013297162717705
LA1_1719817702,0.5012267530447283
LA1_1718964131,0.5006709964308631
LA1_1719924695,0.5004468533491186
LA1_1718344415,0.49965174165017584
LA1_1719809070,0.4994931140356576
LA1_1717656811,0.4993232231374197
LA1_1719584410,0.49910837049472323
LA1_1719884806,0.49880294139020254
LA1_1719548893,0.49803512418436546
LA1_1718965582,0.49777353715361733
LA1_1719547967,0.495448232447712
LA1_1718974809,0.4954251459476177
LA1_1719805345,0.49522213555264294
LA1_1717388454,0.49521087317750206
LA1_1719712120,0.49457642851426326
LA1_1719720862,0.49352184801768745
LA1_1718170181,0.4931366106963827
LA1_1719726008,0.49299709659508256
LA1_1718683115,0.4926613850187017
LA1_1718186667,0.49224796001928295
LA1_1719839523,0.49195898992593956
LA1_1719817351,0.4914733882938985
LA1_1719189405,0.4913082730801213
LA1_1718652319,0.4912422159548877
LA1_1717128851,0.4908489244563867
LA1_1718248739,0.4893394032453349
LA1_1719723244,0.48933585631886356
LA1_1719209251,0.48872072860378335
LA1_1719445567,0.4881534485208199
LA1_1719750744,0.4864333068502403
LA1_1717418621,0.4849851654207714
LA1_1719195850,0.4840441545794658
LA1_1719639570,0.48388766116244775
LA1_1719358286,0.48366847571523613
LA1_1718661108,0.4820773686917913
LA1_1719363031,0.4814063056178473
LA1_1719298084,0.48078962721825375
LA1_1719692851,0.47933608015674867
LA1_1717614511,0.47901937490976937
LA1_1718428433,0.4788492247253611
LA1_1719475736,0.47760621493654193
LA1_1719917677,0.47756190375141133
LA1_1719943428,0.47657359434671304
LA1_1719826934,0.4757416646802918
LA1_1719018200,0.4753480125468216
LA1_1719773563,0.4751106549440048
LA1_1717383003,0.4748785838007681
LA1_1719530204,0.4744305800040779
LA1_1719687865,0.4741156485817263
LA1_1716771416,0.4737891202850992
LA1_1717159395,0.4736056879514676
LA1_1719212853,0.47261007185586956
LA1_1718768623,0.47219402356076295
LA1_1719806865,0.4719539336167066
LA1_1718574192,0.4717653030842404
LA1_1719909141,0.4715939901030626
LA1_1719629044,0.47147578501263043
LA1_1719273580,0.4704959645163254
LA1_1718703230,0.47034047298866916
LA1_1719748406,0.4703085719613159
LA1_1718945885,0.4697923723298338
LA1_1719921992,0.46868618138447277
LA1_1719933379,0.46853995715545466
LA1_1719590673,0.46780547064012185
LA1_1718434963,0.4671573247514244
LA1_1719682442,0.46710644497337134
LA1_1719888175,0.4669689159638589
LA1_1718010263,0.4663840052179424
LA1_1719946202,0.46537616563770595
LA1_1719661420,0.46495344494369373
LA1_1719933524,0.46482367358858445
LA1_1719608812,0.46457711525762624
LA1_1717186353,0.4639674102875237
LA1_1719865603,0.46387008072332947
LA1_1719543942,0.4635395992725405
LA1_1717968547,0.463166720688983
LA1_1719519728,0.4626616179029452
LA1_1719855617,0.46136465131125204
LA1_1719552163,0.4604002989259623
LA1_1718937469,0.4603605120338667
LA1_1717584117,0.4602728286191647
LA1_1719428900,0.4598455017987755
LA1_1719784052,0.4596864987350099
LA1_1719121459,0.4595635911292308
LA1_1717911130,0.4592131876666137
LA1_1719614383,0.45823298224558046
LA1_1719222927,0.458194231210631
LA1_1719722105,0.4577289224776507
LA1_1719434617,0.45709845708022734
LA1_1717041808,0.45674890208618724
LA1_1719236295,0.4560634165926088
LA1_1719405930,0.45597806802055335
LA1_1719088170,0.45570513337321333
LA1_1719749175,0.45560297941312194
LA1_1719822720,0.45525360905079293
LA1_1719843916,0.4549116849109397
LA1_1717435330,0.4548668894021143
LA1_1719301290,0.45465887782617465
LA1_1719452017,0.4532433385520059
LA1_1719564169,0.4530211645908139
LA1_1716695750,0.45150254974333387
LA1_1715823172,0.4497201070593242
LA1_1719356100,0.44947739523097024
LA1_1719786908,0.44811472779123923
LA1_1719014466,0.4477692446751299
LA1_1718541603,0.44733532768004897
LA1_1719079729,0.4469084216372532
LA1_1719917411,0.44640093341868686
LA1_1719869476,0.4462725763398242
LA1_1718277080,0.4453158008050825
LA1_1719544912,0.4450969081801568
LA1_1719505013,0.4447570252196785
LA1_1718338733,0.44462175018402017
LA1_1718362844,0.4437621156708196
LA1_1719536506,0.4436985932900054
LA1_1719707242,0.44359382574451817
LA1_1719672703,0.4429008702684782
LA1_1719758940,0.44229300357653384
LA1_1719590145,0.4411327690459175
LA1_1719017422,0.44049384953929704
LA1_1718696691,0.4385979478103445
LA1_1719495350,0.43855330502102813
LA1_1719538934,0.4379387277099653
LA1_1719734302,0.4367290498572609
LA1_1719678110,0.43662463634396154
LA1_1718378571,0.4366161023209836
LA1_1719740500,0.4362259451997517
LA1_1719352838,0.4340394403977321
LA1_1719806508,0.43399946173015236
LA1_1719707907,0.433682725667586
LA1_1719686633,0.4329750118804867
LA1_1719810697,0.4326949172845388
LA1_1719905722,0.4321134076463701
LA1_1719893949,0.43181556903328644
LA1_1719731225,0.43109056990967826
LA1_1719801921,0.4290186673702042
LA1_1719570339,0.4288813938332579
LA1_1719781117,0.4287028130738064
LA1_1719479434,0.4279194168555058
LA1_1718925311,0.4278185957909275
LA1_1716671530,0.4265946047254251
LA1_1719809992,0.42556793976731894
LA1_1719275784,0.42551042869371836
LA1_1718658315,0.42537652284480293
LA1_1719719132,0.4252002440098488
LA1_1719682357,0.42518367356884446
LA1_1719424423,0.42505480416594854
LA1_1719905123,0.42465756263661636
LA1_1719703522,0.4241477933203249
LA1_1718988058,0.42320011243563754
LA1_1719565883,0.42301769003295075
LA1_1719819949,0.42289691300522136
LA1_1719811668,0.420870479038565
LA1_1719344939,0.4190960526934366
LA1_1719758863,0.41875451767263383
LA1_1719510584,0.41769990867606677
LA1_1718972128,0.4174749494653562
LA1_1718829897,0.4171057177565458
LA1_1717651422,0.415937677500804
LA1_1719703043,0.41509013512470744
LA1_1719574652,0.41495407943983814
LA1_1719529809,0.4134685266429713
LA1_1719420699,0.41286462113426425
LA1_1719772687,0.411374799115989
LA1_1719301372,0.41099914170462776
LA1_1719864592,0.41071295850228734
LA1_1718421644,0.4097804168582889
LA1_1716756258,0.4071562195247839
LA1_1719580865,0.40685831149525964
LA1_1718403907,0.4068385245682855
LA1_1719792906,0.4067912616047496
LA1_1719556464,0.40645417391646804
LA1_1718441313,0.40629160197482045
LA1_1717818533,0.405666217034456
LA1_1719866672,0.40480230468961237
LA1_1719953920,0.40455849422091955
LA1_1719373011,0.40396175902235204
LA1_1719325690,0.40333297371106286
LA1_1719945231,0.4030682036236947
LA1_1719563839,0.4028933292523747
LA1_1717087694,0.40181829850204615
LA1_1719566786,0.4007625458578591
LA1_1719117119,0.40061661187702624
LA1_1719752954,0.40030057417374837
LA1_1719827042,0.3993648444605181
LA1_1719411617,0.3989774355019796
LA1_1719945159,0.39492173414439047
LA1_1719816327,0.393780247450907
LA1_1718778976,0.3922440331110441
LA1_1719194832,0.39189976364093926
LA1_1719782643,0.39179523051663995
LA1_1719502722,0.39106202419346026
LA1_1719804539,0.3905975663093617
LA1_1719195000,0.3904882784684325
LA1_1717679518,0.3901284292442278
LA1_1718682910,0.38886844520657476
LA1_1719440300,0.38879305217497856
LA1_1719315654,0.38695209353119947
LA1_1719539414,0.38571141218771504
LA1_1719749871,0.38533563082961797
LA1_1719725363,0.3852492887027664
LA1_1718960055,0.3852332317290759
LA1_1719732473,0.383072648395463
LA1_1716313043,0.3830151857645014
LA1_1719617619,0.381430843862981
LA1_1719507827,0.38059850470962814
LA1_1719274698,0.38037712892011116
LA1_1719775366,0.3803659808125327
LA1_1718154855,0.380175123815084
LA1_1719095627,0.37962967264209285
LA1_1718974421,0.3788939182433515
LA1_1719378955,0.3786064489721702
LA1_1719306830,0.37664262529672027
LA1_1719568872,0.37659331069562946
LA1_1718997266,0.3765047681841979
LA1_1719727051,0.37606726754871317
LA1_1719827009,0.375749211834307
LA1_1719310883,0.37477417140080044
LA1_1719590367,0.37469688183061217
LA1_1719776812,0.374293453087662
LA1_1719881230,0.3731593311798561
LA1_1719666666,0.3703203267102578
LA1_1719161411,0.3695913423221518
LA1_1718385604,0.3694152371042849
LA1_1719938096,0.3690269904728075
LA1_1719547890,0.36752403313714266
LA1_1719784547,0.36702371353177626
LA1_1719444940,0.3665878250931249
LA1_1719912643,0.36568708118060017
LA1_1719772324,0.36555088247235606
LA1_1719125459,0.36540081383214534
LA1_1719672208,0.3651157342446096
LA1_1719367414,0.36486700342198974
LA1_1717127197,0.3643373326965249
LA1_1719912763,0.36429620190770073
LA1_1719228097,0.3637711096988847
LA1_1719305340,0.36313715031224597
LA1_1719745089,0.3626709524711987
LA1_1719741240,0.3624037572266281
LA1_1719947651,0.3615525533595775
LA1_1719902234,0.3613019594000991
LA1_1719732512,0.3612051026876661
LA1_1717817417,0.35998339345663666
LA1_1718999516,0.35996341674559573
LA1_1719725343,0.35856785701820126
LA1_1719098019,0.3581736614460306
LA1_1719605934,0.35815807549903916
LA1_1718210700,0.35680477398072263
LA1_1718551122,0.3567102607024188
LA1_1718458695,0.3563198642469021
LA1_1718545662,0.3559112262987386
LA1_1719036109,0.35564068529498155
LA1_1719767789,0.3549200509726417
LA1_1719651097,0.3540536666784169
LA1_1719837748,0.35342543119827907
LA1_1718728956,0.35319716207744967
LA1_1719201052,0.35301829217574693
LA1_1719059329,0.35290730943395465
LA1_1719836547,0.3517151095720389
LA1_1718980793,0.35147045396462395
LA1_1719785913,0.35049101716943853
LA1_1719569458,0.34879949073673544
LA1_1719877038,0.34810677663419165
LA1_1719526752,0.34684565935839734
LA1_1719513381,0.3467845051802437
LA1_1716685928,0.34657964933813273
LA1_1719793131,0.34585740622327865
LA1_1719751948,0.34512880036511523
LA1_1719111115,0.3434099284063668
LA1_1719927318,0.3430889447201456
LA1_1717692938,0.3429139793411418
LA1_1717080937,0.342903321580474
LA1_1717700873,0.341777158057827
LA1_1719136226,0.3409439677896069
LA1_1719005365,0.3409212161497197
LA1_1718364311,0.3393380708002854
LA1_1719740039,0.33865437518935343
LA1_1719866719,0.3373494280060041
LA1_1718962322,0.3366300236390281
LA1_1719125805,0.3362261898896507
LA1_1719768263,0.33555612554418646
LA1_1719637837,0.3353168963420512
LA1_1719736024,0.33515441196746004
LA1_1718932670,0.33515441196746004
LA1_1719410254,0.33399123069222797
LA1_1719182593,0.33351844614996
LA1_1719802395,0.33251088977687426
LA1_1717970122,0.331991251094873
LA1_1719938292,0.33130899705419276
LA1_1719741387,0.3312177595265415
LA1_1718241238,0.3294841149159747
LA1_1719853689,0.32557106289389137
LA1_1719540736,0.32550140552483653
LA1_1719637759,0.32527933170071444
LA1_1719521431,0.3249991463442113
LA1_1719881346,0.3248437141497085
LA1_1717952369,0.32238214779377733
LA1_1719673821,0.32180000944226067
LA1_1719884602,0.3195354984852274
LA1_1719562260,0.31950513397507635
LA1_1718989361,0.31848557929070653
LA1_1719561002,0.3183156371183506
LA1_1719898809,0.31622328897037905
LA1_1719930551,0.3160803135076011
LA1_1718980124,0.3150728959960404
LA1_1718508413,0.31383742661296066
LA1_1718481225,0.3137052183368208
LA1_1719927384,0.3120957612917381
LA1_1719571839,0.31193206791288436
LA1_1719221457,0.31143533158135056
LA1_1719855859,0.3109897026821745
LA1_1719787971,0.3104461241487755
LA1_1719843639,0.3096995574619548
LA1_1719883719,0.3086225503561744
LA1_1719924203,0.3085332580822688
LA1_1719608892,0.30843968279739986
LA1_1719676091,0.30839790766013475
LA1_1719949593,0.30732065396114205
LA1_1719950096,0.3073105850663885
LA1_1719814070,0.3071829162262457
LA1_1719014653,0.30715540042751033
LA1_1719607722,0.305106512754587
LA1_1718980196,0.30464589263567926
LA1_1719277569,0.30354165908868097
LA1_1719442393,0.3024952386427796
LA1_1718553708,0.30233577122518535
LA1_1719277936,0.2990729725191243
LA1_1719703351,0.2985916502221974
LA1_1719598675,0.29835564546506926
LA1_1719743485,0.2972743458519042
LA1_1719831704,0.2971051907170723
LA1_1718643897,0.29607291329702756
LA1_1719760724,0.2947522186516783
LA1_1719798781,0.29463573771347545
LA1_1719170919,0.29397682974756806
LA1_1719509867,0.29324747069314755
LA1_1719563060,0.2920653287622808
LA1_1719867274,0.2915408318763111
LA1_1719760992,0.2913080854992592
LA1_1716898514,0.2912035399364809
LA1_1719461617,0.2909514359670763
LA1_1719795181,0.29075512687344773
LA1_1718264086,0.29056864622406176
LA1_1718525180,0.28978448957857644
LA1_1719723405,0.2893928813853116
LA1_1719578471,0.2890820094418227
LA1_1719870480,0.2886106069205015
LA1_1718788499,0.28838611320604585
LA1_1719836651,0.2872999280031777
LA1_1719933532,0.28717002391991775
LA1_1719048741,0.28687444592640304
LA1_1719493971,0.2859473441488718
LA1_1719772165,0.2850316801353931
LA1_1718193801,0.2832771037517824
LA1_1719723895,0.28187429542296427
LA1_1719807305,0.2802525136594177
LA1_1719717220,0.2801722375519821
LA1_1719229020,0.2784384579181825
LA1_1718874568,0.2777920170806132
LA1_1718384438,0.2769558676828078
LA1_1719950512,0.27619004749631126
LA1_1718849962,0.27563849975863597
LA1_1717653313,0.27508763484894294
LA1_1718488211,0.27449443550495956
LA1_1719235681,0.2734753067074793
LA1_1719927452,0.27340288040340904
LA1_1719692798,0.27103321249019585
LA1_1719852911,0.26898828965364097
LA1_1716991443,0.2684616490188737
LA1_1719723111,0.26757172553840614
LA1_1719442416,0.26679198504537555
LA1_1719350889,0.2660136915471654
LA1_1719489007,0.2657869764667736
LA1_1719525386,0.26498291673046437
LA1_1719431230,0.2640702663868747
LA1_1719262521,0.263798851906496
LA1_1719953862,0.2634633612770136
LA1_1719606605,0.26333627594629816
LA1_1719765294,0.2627644237921442
LA1_1719952085,0.2625317901738688
LA1_1719522214,0.26186583483512854
LA1_1719846833,0.26158674416525607
LA1_1719916022,0.2615071983118452
LA1_1719732691,0.2591066167889409
LA1_1719744228,0.2590211395055188
LA1_1719944879,0.25600364813173204
LA1_1719699250,0.2557620177440371
LA1_1718996075,0.25505599906341225
LA1_1715870007,0.2547367597640915
LA1_1719767258,0.2507642819874341
LA1_1719927916,0.2505920202987531
LA1_1719926618,0.2496183352798115
LA1_1719857203,0.24846447083142054
LA1_1719667031,0.2475266342485923
LA1_1719600996,0.244827214438457
LA1_1719762810,0.24460140457081864
LA1_1717376326,0.24355650226552572
LA1_1719666944,0.24303083653723936
LA1_1719857573,0.24143247707314738
LA1_1718929989,0.24050894409016643
LA1_1719465528,0.23893426429096165
LA1_1719834398,0.23861034386296218
LA1_1717510055,0.23831741077099342
LA1_1719322231,0.23779092477273828
LA1_1719797655,0.2367172174722962
LA1_1719294204,0.23465981976496833
LA1_1716056846,0.23458586081103944
LA1_1718270820,0.2344804404020045
LA1_1719543516,0.23346541099534815
LA1_1719676281,0.2319191133036644
LA1_1719513747,0.23150573921185244
LA1_1719140313,0.2304135269318332
LA1_1719865188,0.2297701712709663
LA1_1718901398,0.22974750938069732
LA1_1719777715,0.22950628686896396
LA1_1719396036,0.2292259008184191
LA1_1719503664,0.22850636243193856
LA1_1718856852,0.22793090273197897
LA1_1719835586,0.227484570287346
LA1_1719758946,0.22588005910501743
LA1_1718183591,0.2247560108490563
LA1_1719776567,0.22324479583281562
LA1_1719557607,0.22256895205472368
LA1_1719575349,0.22254679519479517
LA1_1719132943,0.22190736412260983
LA1_1719615906,0.22106010419179967
LA1_1718175588,0.22069643584669235
LA1_1719484175,0.2198107905578941
LA1_1719479476,0.21930073013528886
LA1_1719490006,0.21902926782531015
LA1_1718658642,0.21844097733249263
LA1_1718994113,0.21728154819818526
LA1_1719831666,0.21387206539681633
LA1_1717437185,0.21371208772558017
LA1_1719571866,0.213110384280772
LA1_1719718777,0.21099005427379589
LA1_1719840760,0.21084739437051236
LA1_1719853442,0.20925244764099388
LA1_1719295162,0.20917094905832426
LA1_1719950646,0.20909500637543596
LA1_1719683525,0.207488772025219
LA1_1719717020,0.20707949955649677
LA1_1719772601,0.20510697114117793
LA1_1719553820,0.2050475410889344
LA1_1719527802,0.2047967969765425
LA1_1718446132,0.20453858464281072
LA1_1719442117,0.20251755131591076
LA1_1716312921,0.2024074583154538
LA1_1717415061,0.20215912164531608
LA1_1719335406,0.20200565398786163
LA1_1718972737,0.20179354695438284
LA1_1719778371,0.20034598510343724
LA1_1717696153,0.20006926152376792
LA1_1719723330,0.20006926152376792
LA1_1719428394,0.19882226664670224
LA1_1719793740,0.19871694599608083
LA1_1719819509,0.1984678026403984
LA1_1718438573,0.19832596522253756
LA1_1718988044,0.19810393367805487
LA1_1719760770,0.19782954075781317
LA1_1719224865,0.19746130733370218
LA1_1719123353,0.19740679031430403
LA1_1719299406,0.1937905296555485
LA1_1719735667,0.19343641923841023
LA1_1718476422,0.19330689960087744
LA1_1719861221,0.19270975188988207
LA1_1719874978,0.19253127634285033
LA1_1719656264,0.1905963237833096
LA1_1719903427,0.1904422460753251
LA1_1719841205,0.1890350717060336
LA1_1719569750,0.18787779895658072
LA1_1719951370,0.18621600325693072
LA1_1718988328,0.18617509778871308
LA1_1719680269,0.18594919370896337
LA1_1719128051,0.18334360145655665
LA1_1718499668,0.18264419630965067
LA1_1719799094,0.18182635355568386
LA1_1719817447,0.18171293752621037
LA1_1718693719,0.18151026400609047
LA1_1719769515,0.18007467061347765
LA1_1717843239,0.1799172039870773
LA1_1718988721,0.17978681421529097
LA1_1719378764,0.17973306185022148
LA1_1719843101,0.17912581991779775
LA1_1719730505,0.17899286600127273
LA1_1719662001,0.17755214122483776
LA1_1719861429,0.17572715137582592
LA1_1719801096,0.17392175973419177
LA1_1719535953,0.17360970948947552
LA1_1717952969,0.16927681962099686
LA1_1719196386,0.16648474004179803
LA1_1717005199,0.1645501552744295
LA1_1718841683,0.1644258529345939
LA1_1719416655,0.16339534981943907
LA1_1719294579,0.16330863240678667
LA1_1719735077,0.1631657083767966
LA1_1719517334,0.16236361714969702
LA1_1719905870,0.1611335382898355
LA1_1719945736,0.16050407235323655
LA1_1719533982,0.15943191392241252
LA1_1717589092,0.15698138423242414
LA1_1719295960,0.15427779274495057
LA1_1719828737,0.1534736384093987
LA1_1719674329,0.1533281243960808
LA1_1719813148,0.15267643170367826
LA1_1718917101,0.15201481659516575
LA1_1718479216,0.15201481659516575
LA1_1717800486,0.15117012385038997
LA1_1719870430,0.15116405451366544
LA1_1719811881,0.15037409456861503
LA1_1719269431,0.14689349314645125
LA1_1719882600,0.14553096849516797
LA1_1719909792,0.14521979504554355
LA1_1719708610,0.14488916244109726
LA1_1719756986,0.14437721205353485
LA1_1719209676,0.14102876146190568
LA1_1719669312,0.14026019694321917
LA1_1719938784,0.13939640152421323
LA1_1719543346,0.1374554486439547
LA1_1717960604,0.13615536746451243
LA1_1719801129,0.13359562696920388
LA1_1719770638,0.13293056761690503
LA1_1719176299,0.12972039153872053
LA1_1719851339,0.12912337326922688
LA1_1719871546,0.128390365707237
LA1_1719379621,0.12795064456792385
LA1_1719483768,0.12765718367717516
LA1_1719852501,0.12714763442228583
LA1_1719916704,0.1235460491905963
LA1_1719936081,0.12347586077169434
LA1_1719417198,0.12094017206947401
LA1_1719629165,0.12006950178464183
LA1_1719706270,0.11686087238442915
LA1_1719874268,0.1150720577939945
LA1_1719579051,0.11457056065936679
LA1_1719634971,0.1119625441511112
LA1_1717385637,0.10957832528763241
LA1_1715824667,0.10179408298364648
LA1_1719475887,0.10015679430647513
LA1_1719893487,0.08289729308414179
LA1_1719110712,0.07851766095802856
LA1_1719921147,0.07812491767086635
LA1_1719630432,0.07011670732430232
LA1_1719274844,0.06173805611025384
